TractFIPS,StateAbbr,GEOID,burden,resid,resilience_score,CensusTract,State,County,Urban,Pop2010,LILATracts_1And10,PCTGQTRS,PovertyRate
40109102700,OK,40109102700,-1.886879,-2.6218005538233697,5.220319626933157,40109102700,Oklahoma,Oklahoma County,1,130,0,0.0,16.0
22115950703,LA,22115950703,-1.528458,-2.4099046298104736,4.79840940596744,22115950703,Louisiana,Vernon Parish,1,2864,1,0.0,4.9
45015020725,SC,45015020725,-1.706148,-2.396469517084351,4.771658483761722,45015020725,South Carolina,Berkeley County,1,1055,1,0.0,6.6
39049006352,OH,39049006352,-1.627758,-2.393885599151271,4.766513592980166,39049006352,Ohio,Franklin County,1,2985,0,0.0,24.8
37133000800,NC,37133000800,-1.814921,-2.3479383446665283,4.675027093734215,37133000800,North Carolina,Onslow County,1,1121,1,0.0,5.0
37049961201,NC,37049961201,-1.723533,-2.256550344666528,4.49306261540254,37049961201,North Carolina,Craven County,1,4095,1,0.0,8.8
39049001200,OH,39049001200,-1.470247,-2.236374599151271,4.452890284159527,39049001200,Ohio,Franklin County,1,4822,0,6.41,65.7
01081040800,AL,01081040800,-1.376254,-2.2298001809126906,4.439799828244992,01081040800,Alabama,Lee County,1,3750,0,3.6,73.1
42101008702,PA,42101008702,-1.848344,-2.2026172380789806,4.385675325988068,42101008702,Pennsylvania,Philadelphia County,1,3036,0,6.75,31.8
26161415200,MI,26161415200,-1.547385,-2.1635155295541653,4.30781913049637,26161415200,Michigan,Washtenaw County,1,1746,1,0.0,12.1
39049007830,OH,39049007830,-1.38116,-2.1472875991512708,4.275507373042816,39049007830,Ohio,Franklin County,1,2719,0,0.18,24.2
39049001000,OH,39049001000,-1.364849,-2.130976599151271,4.243030214049645,39049001000,Ohio,Franklin County,1,5830,0,0.02,39.5
48041002012,TX,48041002012,-1.631875,-2.120248082574458,4.221668449680444,48041002012,Texas,Brazos County,1,6466,1,0.0,71.9
26161400800,MI,26161400800,-1.654895,-2.1192466954575675,4.219674567722933,26161400800,Michigan,Washtenaw County,1,2500,0,3.32,61.3
01081040604,AL,01081040604,-1.104621,-2.1099460150092884,4.201155796484907,01081040604,Alabama,Lee County,1,5146,1,0.0,52.8
45013000300,SC,45013000300,-1.41511,-2.1054315170843507,4.192166889190287,45013000300,South Carolina,Beaufort County,1,4850,1,0.0,6.4
26161402600,MI,26161402600,-1.631215,-2.095566695457568,4.172524845145636,26161402600,Michigan,Washtenaw County,1,2298,0,0.0,26.3
32001950400,NV,32001950400,-1.510667,-2.0842226700826414,4.149937528872933,32001950400,Nevada,Churchill County,0,711,0,0.0,2.9
26161400500,MI,26161400500,-1.618486,-2.0828376954575676,4.147179878140297,26161400500,Michigan,Washtenaw County,1,6088,0,2.43,65.3
22033004014,LA,22033004014,-1.201309,-2.0827556298104737,4.147016475585668,22033004014,Louisiana,East Baton Rouge Parish,1,10391,1,0.0,60.1
40027201203,OK,40027201203,-1.181969,-2.0686693879199676,4.118969077051291,40027201203,Oklahoma,Cleveland County,1,5396,1,9.6,28.1
22071011900,LA,22071011900,-1.333554,-2.0632217957138757,4.108122267033069,22071011900,Louisiana,Orleans Parish,1,1741,0,0.23,28.9
19169000500,IA,19169000500,-1.59155,-2.0629965670642156,4.107673809754862,19169000500,Iowa,Story County,1,3105,1,0.0,69.9
54061010202,WV,54061010202,-0.956731,-2.0562776060096324,4.0942955517425625,54061010202,West Virginia,Monongalia County,1,3823,0,0.0,54.4
48041001701,TX,48041001701,-1.565252,-2.053625082574458,4.089014059170846,48041001701,Texas,Brazos County,1,5762,1,0.0,45.8
45019000600,SC,45019000600,-1.512338,-2.050880682987753,4.083549630152501,45019000600,South Carolina,Charleston County,1,1256,0,1.43,42.7
13059150400,GA,13059150400,-1.514189,-2.046132601844828,4.074095630631242,13059150400,Georgia,Clarke County,1,4934,1,0.0,64.6
22115950702,LA,22115950702,-1.162913,-2.0443596298104736,4.070565430481026,22115950702,Louisiana,Vernon Parish,1,3530,1,0.0,12.2
26065004402,MI,26065004402,-1.555917,-2.0202686954575677,4.022597488278011,26065004402,Michigan,Ingham County,1,1456,0,0.0,54.6
54061010600,WV,54061010600,-0.768488,-2.0198134401062298,4.021691020224066,54061010600,West Virginia,Monongalia County,1,6179,1,2.9,37.4
48453001752,TX,48453001752,-1.672338,-2.0089322484778602,4.000025261499909,48453001752,Texas,Travis County,1,3583,0,0.0,32.7
37183052301,NC,37183052301,-1.469325,-2.002342344666528,3.986903971951117,37183052301,North Carolina,Wake County,1,6024,1,1.53,34.4
13121009402,GA,13121009402,-1.617255,-1.9974197677482302,3.9771025303943963,13121009402,Georgia,Fulton County,1,4073,0,0.1,20.0
18157010500,IN,18157010500,-1.281417,-1.9898020179270484,3.9619346760560528,18157010500,Indiana,Tippecanoe County,1,2021,1,0.0,43.5
42101000901,PA,42101000901,-1.6331,-1.9873732380789804,3.957098683824729,42101000901,Pennsylvania,Philadelphia County,1,2276,0,0.04,24.6
51013103602,VA,51013103602,-1.779832,-1.987007006846417,3.956369473477833,51013103602,Virginia,Arlington County,1,1210,0,0.0,17.9
28087000200,MS,28087000200,-1.672741,-1.964389145072697,3.9113345956094814,28087000200,Mississippi,Lowndes County,1,1379,0,0.0,2.7
42101008701,PA,42101008701,-1.60898,-1.9632532380789804,3.9090728684292726,42101008701,Pennsylvania,Philadelphia County,1,4147,0,0.0,19.4
28071950302,MS,28071950302,-0.717285,-1.9607823743100772,3.904153082059759,28071950302,Mississippi,Lafayette County,0,3904,0,0.0,35.1
22115950704,LA,22115950704,-1.059283,-1.9407296298104737,3.864225660604111,22115950704,Louisiana,Vernon Parish,1,3571,1,0.0,25.5
48453000500,TX,48453000500,-1.60372,-1.9403142484778604,3.8633985865079747,48453000500,Texas,Travis County,1,4518,0,1.7,34.7
25025000703,MA,25025000703,-2.047371,-1.9349353859265865,3.8526886254828914,25025000703,Massachusetts,Suffolk County,1,2791,0,6.16,42.1
26037011200,MI,26037011200,-1.316648,-1.9327785295541653,3.8483940655336206,26037011200,Michigan,Clinton County,1,3321,1,0.0,74.7
39049007820,OH,39049007820,-1.15743,-1.9235575991512706,3.8300340862092517,39049007820,Ohio,Franklin County,1,4095,0,0.0,47.8
22033004013,LA,22033004013,-1.191992,-1.9216597957138757,3.8262553317506613,22033004013,Louisiana,East Baton Rouge Parish,1,3676,0,2.37,32.2
29019001101,MO,29019001101,-1.228604,-1.919398777901237,3.8217533738702456,29019001101,Missouri,Boone County,1,8628,1,1.29,49.9
37051003405,NC,37051003405,-1.381762,-1.914779344666528,3.8125555277773033,37051003405,North Carolina,Cumberland County,1,1975,1,0.0,17.0
48453000401,TX,48453000401,-1.576905,-1.9134992484778603,3.8100067026012927,48453000401,Texas,Travis County,1,3574,0,5.46,23.9
10001041100,DE,10001041100,-1.461853,-1.912529898102096,3.8080766096410947,10001041100,Delaware,Kent County,1,3740,0,7.57,12.1
29169470390,MO,29169470390,-1.217811,-1.9086057779012369,3.8002632152648075,29169470390,Missouri,Pulaski County,1,1472,1,9.92,9.9
48085031806,TX,48085031806,-1.565375,-1.9019692484778603,3.7870490885254378,48085031806,Texas,Collin County,1,1634,0,0.0,21.4
48441012900,TX,48441012900,-1.409621,-1.8979940825744581,3.7791340560277966,48441012900,Texas,Taylor County,1,2242,1,0.0,9.6
01125011402,AL,01125011402,-1.04189,-1.8954361809126905,3.7740409667654506,01125011402,Alabama,Tuscaloosa County,1,3525,0,0.23,46.6
55025003200,WI,55025003200,-1.705653,-1.8934111195061847,3.7700088264141525,55025003200,Wisconsin,Dane County,1,2778,0,0.0,21.3
55025001605,WI,55025001605,-1.699623,-1.8873811195061847,3.7580023725652882,55025001605,Wisconsin,Dane County,1,2389,0,0.0,36.1
42003070500,PA,42003070500,-1.53061,-1.8848832380789804,3.753028790794863,42003070500,Pennsylvania,Allegheny County,1,2997,0,0.37,25.3
06073008363,CA,06073008363,-1.992121,-1.8831103042090662,3.749498666634629,06073008363,California,San Diego County,1,4921,0,0.0,28.4
42101021400,PA,42101021400,-1.520363,-1.8746362380789803,3.7326257837319585,42101021400,Pennsylvania,Philadelphia County,1,3880,0,0.23,21.1
48453002317,TX,48453002317,-1.537561,-1.87415524847786,3.731668075697525,48453002317,Texas,Travis County,1,5181,0,0.0,50.6
39049000600,OH,39049000600,-1.104143,-1.870270599151271,3.7239332725700436,39049000600,Ohio,Franklin County,1,3780,0,0.0,29.1
26161400100,MI,26161400100,-1.404826,-1.8691776954575674,3.7217571701223315,26161400100,Michigan,Washtenaw County,1,1755,0,0.11,42.1
25025010408,MA,25025010408,-1.96344,-1.8510043859265866,3.685571929298974,25025010408,Massachusetts,Suffolk County,1,1426,0,0.0,22.2
55025001705,WI,55025001705,-1.661636,-1.8493941195061845,3.6823656955575257,55025001705,Wisconsin,Dane County,1,4073,0,0.1,20.3
31153010306,NE,31153010306,-1.405858,-1.8434953189662964,3.6706204755830942,31153010306,Nebraska,Sarpy County,1,1878,1,0.0,6.1
48453000305,TX,48453000305,-1.504124,-1.8407182484778604,3.6650909948775467,48453000305,Texas,Travis County,1,3223,0,0.0,20.6
17019000302,IL,17019000302,-1.621405,-1.840630206105164,3.66491569194479,17019000302,Illinois,Champaign County,1,3372,0,0.0,75.4
31153010305,NE,31153010305,-1.554691,-1.8405494848696986,3.664754966275099,31153010305,Nebraska,Sarpy County,1,1778,0,0.0,7.4
34005702101,NJ,34005702101,-1.600546,-1.8331744867466402,3.650070459707941,34005702101,New Jersey,Burlington County,1,2887,1,0.0,3.4
48201314400,TX,48201314400,-1.496304,-1.8328982484778602,3.6495204361548073,48201314400,Texas,Harris County,1,3093,0,0.0,25.7
39049004300,OH,39049004300,-0.914098,-1.8320044332478684,3.6477407427371773,39049004300,Ohio,Franklin County,1,5613,1,0.27,21.0
26065002902,MI,26065002902,-1.36299,-1.8273416954575674,3.6384566720757174,26065002902,Michigan,Ingham County,1,3886,0,0.0,31.2
21047201502,KY,21047201502,-1.031888,-1.824493387323381,3.6327853486660238,21047201502,Kentucky,Christian County,1,4527,1,0.0,14.7
48209010303,TX,48209010303,-1.138285,-1.820344652236101,3.624524719087816,48209010303,Texas,Hays County,0,6569,0,6.17,38.4
25025000701,MA,25025000701,-1.931782,-1.8193463859265866,3.6225370510324164,25025000701,Massachusetts,Suffolk County,1,4446,0,1.1,22.9
55025001603,WI,55025001603,-1.630436,-1.8181941195061846,3.6202427502698704,55025001603,Wisconsin,Dane County,1,3414,0,0.0,86.0
13059150500,GA,13059150500,-1.28588,-1.8178236018448277,3.6195050051286977,13059150500,Georgia,Clarke County,1,4741,1,0.0,52.5
48309000200,TX,48309000200,-1.328489,-1.816862082574458,3.617590504839396,48309000200,Texas,McLennan County,1,3579,1,6.76,72.5
37051003408,NC,37051003408,-1.275825,-1.808842344666528,3.601622243965176,37051003408,North Carolina,Cumberland County,1,4725,1,2.56,12.2
39009973000,OH,39009973000,-0.88527,-1.8031764332478684,3.5903407341874165,39009973000,Ohio,Athens County,1,3614,1,0.3,21.1
48041001804,TX,48041001804,-1.463278,-1.7998722484778602,3.5837617056717908,48041001804,Texas,Brazos County,1,1352,0,0.0,20.9
13059000401,GA,13059000401,-1.419207,-1.7993717677482302,3.5827651884607543,13059000401,Georgia,Clarke County,1,1225,0,3.35,38.0
20045000801,KS,20045000801,-1.15294,-1.792869539281247,3.5698184710472214,20045000801,Kansas,Douglas County,1,5498,1,0.0,20.5
55025001101,WI,55025001101,-1.603598,-1.7913561195061847,3.5668050706022387,55025001101,Wisconsin,Dane County,1,4197,0,3.6,82.1
13059000100,GA,13059000100,-1.258838,-1.7907816018448277,3.565661136972647,13059000100,Georgia,Clarke County,1,1596,1,2.01,84.9
19169001301,IA,19169001301,-1.319229,-1.7906755670642154,3.565450008995898,19169001301,Iowa,Story County,1,9427,1,0.02,44.2
24510040100,MD,24510040100,-1.533605,-1.7801612403812208,3.544514722416917,24510040100,Maryland,Baltimore city,1,4006,0,7.64,19.8
20161000801,KS,20161000801,-1.287177,-1.7753277051846492,3.5348905736168343,20161000801,Kansas,Riley County,1,4253,0,5.01,43.0
37051003401,NC,37051003401,-1.24166,-1.774677344666528,3.533595627755152,37051003401,North Carolina,Cumberland County,1,3936,1,8.33,12.0
26065004302,MI,26065004302,-1.304452,-1.7688036954575674,3.5219004870997948,26065004302,Michigan,Ingham County,1,2768,0,7.91,76.1
06073008339,CA,06073008339,-1.724874,-1.767642138305664,3.5195876873755583,06073008339,California,San Diego County,1,1853,1,0.0,41.3
48041001605,TX,48041001605,-1.275359,-1.763732082574458,3.511802297046667,48041001605,Texas,Brazos County,1,3367,1,0.0,34.9
18157010204,IN,18157010204,-1.054629,-1.7630140179270484,3.5103725441362816,18157010204,Indiana,Tippecanoe County,1,12230,1,0.2,32.3
28071950503,MS,28071950503,-0.519385,-1.7628823743100772,3.510110425892225,28071950503,Mississippi,Lafayette County,0,6152,0,0.0,28.7
20161000304,KS,20161000304,-1.115767,-1.755696539281247,3.4958025657530536,20161000304,Kansas,Riley County,1,5013,1,7.64,25.8
28071950202,MS,28071950202,-0.705037,-1.754847804648434,3.494112633215939,28071950202,Mississippi,Lafayette County,1,4795,1,3.4,27.0
36047048500,NY,36047048500,-1.627891,-1.7543277971231557,3.4930772358107456,36047048500,New York,Kings County,1,2510,0,0.0,20.4
26161402100,MI,26161402100,-1.28926,-1.7536116954575676,3.491651391432806,26161402100,Michigan,Washtenaw County,1,2749,0,0.04,29.5
51059416200,VA,51059416200,-1.393639,-1.7525928409430147,3.48962272978974,51059416200,Virginia,Fairfax County,1,5280,1,2.71,4.9
20161000500,KS,20161000500,-1.103138,-1.743067539281247,3.4706567107518422,20161000500,Kansas,Riley County,1,4968,1,8.27,63.9
48303000603,TX,48303000603,-1.402821,-1.7394152484778602,3.463384561336669,48303000603,Texas,Lubbock County,1,3125,0,0.0,74.6
